CookerStat, GenerateAssetRegistry=0.049453, Initialize=0.195704, RunGuid=RunID1CB7278E4879CBA0F7AEA4965EA6246C
DDCTransactionId672DCF534CDB7428161AB6B11DA12423_0, PutCachedData=, CacheKey=PhysX_1D9C17C451EA4FB88CB7A27536A65DB0_PhysXPC_53AD97D142B57AA3F12BA7B9F348710__0C38976DBE2380DDEA4B09E2B0BEA08058394C42, StartTime=2019.01.08-12.06.06, HierarchicalDDC=, DataSize=109132, Duration=5.401299, RunGuid=RunID1CB7278E4879CBA0F7AEA4965EA6246C
DDCTransactionIdFCE6A56242364D8A639E4F8BDADB3074_0, BuildTexture=, CacheKey=TEXTURE_814DCC3DC72143F49509781513CB9855_G8_F9CCFF5E4026FEB526E1FCB5955848AF_07_0000803F0000803F0000803F000000000000803F00000000000000000000803F0000000000000000020000000D000000000000000101000000040000803FFFFFFFFF00000000FF00FF00FFFF8180803B, StartTime=2019.01.08-12.06.11, Duration=21.492352, RunGuid=RunID1CB7278E4879CBA0F7AEA4965EA6246C
DDCTransactionId672DCF534CDB7428161AB6B11DA12423_1, PutCachedData=, CacheKey=TEXTURE_814DCC3DC72143F49509781513CB9855_G8_F9CCFF5E4026FEB526E1FCB5955848AF_0__6729FF2B353A15F7BEF5CC1466797CBBD5D27658, StartTime=2019.01.08-12.06.11, HierarchicalDDC=, DataSize=16687, Duration=4.592709, RunGuid=RunID1CB7278E4879CBA0F7AEA4965EA6246C
DDCTransactionId672DCF534CDB7428161AB6B11DA12423_2, PutCachedData=, CacheKey=PhysX_1D9C17C451EA4FB88CB7A27536A65DB0_PhysXPC_CA825E6741332F66D07EE3A6CFC411B__0A5B75847997700625CEC8E70F911644CD2B47AC, StartTime=2019.01.08-12.14.19, HierarchicalDDC=, DataSize=840, Duration=5.202439, RunGuid=RunID1CB7278E4879CBA0F7AEA4965EA6246C
DDCTransactionIdFCE6A56242364D8A639E4F8BDADB3074_1, BuildTexture=, CacheKey=TEXTURE_814DCC3DC72143F49509781513CB9855_G8_F5F8F4B746E74A9AC6ADBD9B6A7E231C_07_0000803F0000803F0000803F000000000000803F00000000000000000000803F0000000000000000020000000D000000000000000101000000040000803FFFFFFFFF00000000FF00FF00FFFF8180803B, StartTime=2019.01.08-12.18.41, Duration=0.672337, RunGuid=RunID1CB7278E4879CBA0F7AEA4965EA6246C
DDCTransactionId672DCF534CDB7428161AB6B11DA12423_3, PutCachedData=, CacheKey=TEXTURE_814DCC3DC72143F49509781513CB9855_G8_F5F8F4B746E74A9AC6ADBD9B6A7E231C_0__41FC646459E30CBF9F3C9E277585777722AE1209, StartTime=2019.01.08-12.18.41, HierarchicalDDC=, DataSize=16687, Duration=4.911516, RunGuid=RunID1CB7278E4879CBA0F7AEA4965EA6246C
DDCTransactionIdFCE6A56242364D8A639E4F8BDADB3074_2, BuildTexture=, CacheKey=TEXTURE_814DCC3DC72143F49509781513CB9855_BGRA8_9F1A32D44A2550C02B2EE38EC8E9BDC3_07_0000803F0000803F0000803F000000000000803F00000000000000000000803F0000000000000000020000000E000000000000000101000000040000803FFFFFFFFF00000000FF00FF00FFFF8180803B, StartTime=2019.01.08-12.18.46, Duration=1.719769, RunGuid=RunID1CB7278E4879CBA0F7AEA4965EA6246C
DDCTransactionId672DCF534CDB7428161AB6B11DA12423_4, PutCachedData=, CacheKey=TEXTURE_814DCC3DC72143F49509781513CB9855_BGRA8_9F1A32D44A2550C02B2EE38EC8E9BDC__B8DA863EE6B94E9B1512D40249AD7EA3C14C8016, StartTime=2019.01.08-12.18.46, HierarchicalDDC=, DataSize=22372, Duration=6.770428, RunGuid=RunID1CB7278E4879CBA0F7AEA4965EA6246C
MaterialTransactionId09EAA7AD454F13C9609DC7804B9E950E_0, CacheKey=MATSM_4F0644619F9C48FF91E0D494C95EB050_PCD3D_SM5_5__BC5N_DEV_SL_NoDBuf_EARLYZ3BDC050FE420AD08393DBFCA0CD028943_Num_SM5__0___TBasePassVSTDistanceFieldShadowsAndLightMapPolicyHQAtmosphericFog8B18AAF8F9198748E9489BA6EBEFA581D907D7CD2094224222222222222222222222224222222222222222222222222222222222222222222424444444440222222222222222222222244442222222222222222222222222222221240222224222222222222222222222222222222222222222222222222222222000044040000001400000014000000140000001400000014000000_TBasePassVSFCachedVolumeIndirectLightingPolicyAtmosphericFog8B18AAF8F9198748E9489BA6EBEFA581D907D7CD2094224222222222222222222222224222222222222222222222222222222222222222222424444444440222222222222222222222244442222222222222222222222222222221240222224222222222222222222222222222222222222222222222222222222000044040000001400000014000000140000001400000014000000_TShadowDepthVSForGSVertexShadowDepth_PerspectiveCorrecttrue4B45B91074D2CFA7ACE4DE03393192218069847A170422422222222222222222222222422222222222222222222222222222222222222222242444444444022222222222222222222224444222222222222222222222222222222124022222222222222222222020040440000001400000014000000140000001400000014000000_TBasePassVSFCachedPointIndirectLightingPolicyAtmosphericFog8B18AAF8F9198748E9489BA6EBEFA581D907D7CD2094224222222222222222222222224222222222222222222222222222222222222222222424444444440222222222222222222222244442222222222222222222222222222221240222224222222222222222222222222222222222222222222222222222222000044040000001400000014000000140000001400000014000000_TBasePassPSTDistanceFieldShadowsAndLightMapPolicyHQSkylight8B95D470BB4BF92A5C22A48B60B9DA18A2BE42522144224222222222222222222222224222222222222222222222222222222222222222222424444444440222222222222222222222244442222222222222222222222222222221240222224222222222222222222222222222222222222222222222222222222222202004044001400000014000000140000001400000014000000_TShadowDepthPSPixelShadowDepth_NonPerspectiveCorrecttrueCAB07D2D95B9FDBA4D93434B857B7D78E9EF61F717742242222222222222222222222242222222222222222222222222222222222222222224244444444402222222222222222222222444422222222222222222222222222222212402222222222222222222222222222000044040000001400000014000000140000001400000014000000_TShadowDepthVSVertexShadowDepth_PerspectiveCorrecttrue4B45B91074D2CFA7ACE4DE03393192218069847A170422422222222222222222222222422222222222222222222222222222222222222222242444444444022222222222222222222224444222222222222222222222222222222124022222222222222222222020040440000001400000014000000140000001400000014000000_TBasePassPSFCachedVolumeIndirectLightingPolicySkylight8B95D470BB4BF92A5C22A48B60B9DA18A2BE42522144224222222222222222222222224222222222222222222222222222222222222222222424444444440222222222222222222222244442222222222222222222222222222221240222224222222222222222222222222222222222222222222222222222222222202004044001400000014000000140000001400000014000000_TShadowDepthPSPixelShadowDepth_PerspectiveCorrecttrueCAB07D2D95B9FDBA4D93434B857B7D78E9EF61F717742242222222222222222222222242222222222222222222222222222222222222222224244444444402222222222222222222222444422222222222222222222222222222212402222222222222222222222222222000044040000001400000014000000140000001400000014000000_TBasePassVSFSimpleDynamicLightingPolicyAtmosphericFog8B18AAF8F9198748E9489BA6EBEFA581D907D7CD2094224222222222222222222222224222222222222222222222222222222222222222222424444444440222222222222222222222244442222222222222222222222222222221240222224222222222222222222222222222222222222222222222222222222000044040000001400000014000000140000001400000014000000_TBasePassPSFCachedPointIndirectLightingPolicySkylight8B95D470BB4BF92A5C22A48B60B9DA18A2BE42522144224222222222222222222222224222222222222222222222222222222222222222222424444444440222222222222222222222244442222222222222222222222222222221240222224222222222222222222222222222222222222222222222222222222222202004044001400000014000000140000001400000014000000_TShadowDepthVSForGSVertexShadowDepth_OutputDepthtrue4B45B91074D2CFA7ACE4DE03393192218069847A170422422222222222222222222222422222222222222222222222222222222222222222242444444444022222222222222222222224444222222222222222222222222222222124022222222222222222222020040440000001400000014000000140000001400000014000000_TShadowDepthPSPixelShadowDepth_OnePassPointLighttrueCAB07D2D95B9FDBA4D93434B857B7D78E9EF61F717742242222222222222222222222242222222222222222222222222222222222222222224244444444402222222222222222222222444422222222222222222222222222222212402222222222222222222222222222000044040000001400000014000000140000001400000014000000_TBasePassVSTDistanceFieldShadowsAndLightMapPolicyHQ8B18AAF8F9198748E9489BA6EBEFA581D907D7CD2094224222222222222222222222224222222222222222222222222222222222222222222424444444440222222222222222222222244442222222222222222222222222222221240222224222222222222222222222222222222222222222222222222222222000044040000001400000014000000140000001400000014000000_TBasePassPSTDistanceFieldShadowsAndLightMapPolicyHQ8B95D470BB4BF92A5C22A48B60B9DA18A2BE42522144224222222222222222222222224222222222222222222222222222222222222222222424444444440222222222222222222222244442222222222222222222222222222221240222224222222222222222222222222222222222222222222222222222222222202004044001400000014000000140000001400000014000000_TShadowDepthVSVertexShadowDepth_OutputDepthtrue4B45B91074D2CFA7ACE4DE03393192218069847A170422422222222222222222222222422222222222222222222222222222222222222222242444444444022222222222222222222224444222222222222222222222222222222124022222222222222222222020040440000001400000014000000140000001400000014000000_TBasePassPSFSimpleDynamicLightingPolicySkylight8B95D470BB4BF92A5C22A48B60B9DA18A2BE42522144224222222222222222222222224222222222222222222222222222222222222222222424444444440222222222222222222222244442222222222222222222222222222221240222224222222222222222222222222222222222222222222222222222222222202004044001400000014000000140000001400000014000000_TBasePassVSFCachedVolumeIndirectLightingPolicy8B18AAF8F9198748E9489BA6EBEFA581D907D7CD2094224222222222222222222222224222222222222222222222222222222222222222222424444444440222222222222222222222244442222222222222222222222222222221240222224222222222222222222222222222222222222222222222222222222000044040000001400000014000000140000001400000014000000_TBasePassPSFCachedVolumeIndirectLightingPolicy8B95D470BB4BF92A5C22A48B60B9DA18A2BE42522144224222222222222222222222224222222222222222222222222222222222222222222424444444440222222222222222222222244442222222222222222222222222222221240222224222222222222222222222222222222222222222222222222222222222202004044001400000014000000140000001400000014000000_TBasePassVSFCachedPointIndirectLightingPolicy8B18AAF8F9198748E9489BA6EBEFA581D907D7CD2094224222222222222222222222224222222222222222222222222222222222222222222424444444440222222222222222222222244442222222222222222222222222222221240222224222222222222222222222222222222222222222222222222222222000044040000001400000014000000140000001400000014000000_TBasePassPSFCachedPointIndirectLightingPolicy8B95D470BB4BF92A5C22A48B60B9DA18A2BE42522144224222222222222222222222224222222222222222222222222222222222222222222424444444440222222222222222222222244442222222222222222222222222222221240222224222222222222222222222222222222222222222222222222222222222202004044001400000014000000140000001400000014000000_TBasePassVSTLightMapPolicyLQAtmosphericFog8B18AAF8F9198748E9489BA6EBEFA581D907D7CD2094224222222222222222222222224222222222222222222222222222222222222222222424444444440222222222222222222222244442222222222222222222222222222221240222224222222222222222222222222222222222222222222222222222222000044040000001400000014000000140000001400000014000000_TBasePassVSTLightMapPolicyHQAtmosphericFog8B18AAF8F9198748E9489BA6EBEFA581D907D7CD2094224222222222222222222222224222222222222222222222222222222222222222222424444444440222222222222222222222244442222222222222222222222222222221240222224222222222222222222222222222222222222222222222222222222000044040000001400000014000000140000001400000014000000_TBasePassVSFNoLightMapPolicyAtmosphericFog8B18AAF8F9198748E9489BA6EBEFA581D907D7CD2094224222222222222222222222224222222222222222222222222222222222222222222424444444440222222222222222222222244442222222222222222222222222222221240222224222222222222222222222222222222222222222222222222222222000044040000001400000014000000140000001400000014000000_TBasePassVSFSimpleDynamicLightingPolicy8B18AAF8F9198748E9489BA6EBEFA581D907D7CD2094224222222222222222222222224222222222222222222222222222222222222222222424444444440222222222222222222222244442222222222222222222222222222221240222224222222222222222222222222222222222222222222222222222222000044040000001400000014000000140000001400000014000000_TBasePassPSFSimpleDynamicLightingPolicy8B95D470BB4BF92A5C22A48B60B9DA18A2BE42522144224222222222222222222222224222222222222222222222222222222222222222222424444444440222222222222222222222244442222222222222222222222222222221240222224222222222222222222222222222222222222222222222222222222222202004044001400000014000000140000001400000014000000_TBasePassPSTLightMapPolicyLQSkylight8B95D470BB4BF92A5C22A48B60B9DA18A2BE42522144224222222222222222222222224222222222222222222222222222222222222222222424444444440222222222222222222222244442222222222222222222222222222221240222224222222222222222222222222222222222222222222222222222222222202004044001400000014000000140000001400000014000000_TBasePassPSTLightMapPolicyHQSkylight8B95D470BB4BF92A5C22A48B60B9DA18A2BE42522144224222222222222222222222224222222222222222222222222222222222222222222424444444440222222222222222222222244442222222222222222222222222222221240222224222222222222222222222222222222222222222222222222222222222202004044001400000014000000140000001400000014000000_TBasePassPSFNoLightMapPolicySkylight8B95D470BB4BF92A5C22A48B60B9DA18A2BE42522144224222222222222222222222224222222222222222222222222222222222222222222424444444440222222222222222222222244442222222222222222222222222222221240222224222222222222222222222222222222222222222222222222222222222202004044001400000014000000140000001400000014000000_TBasePassVSTLightMapPolicyLQ8B18AAF8F9198748E9489BA6EBEFA581D907D7CD2094224222222222222222222222224222222222222222222222222222222222222222222424444444440222222222222222222222244442222222222222222222222222222221240222224222222222222222222222222222222222222222222222222222222000044040000001400000014000000140000001400000014000000_TBasePassVSTLightMapPolicyHQ8B18AAF8F9198748E9489BA6EBEFA581D907D7CD2094224222222222222222222222224222222222222222222222222222222222222222222424444444440222222222222222222222244442222222222222222222222222222221240222224222222222222222222222222222222222222222222222222222222000044040000001400000014000000140000001400000014000000_TBasePassVSFNoLightMapPolicy8B18AAF8F9198748E9489BA6EBEFA581D907D7CD2094224222222222222222222222224222222222222222222222222222222222222222222424444444440222222222222222222222244442222222222222222222222222222221240222224222222222222222222222222222222222222222222222222222222000044040000001400000014000000140000001400000014000000_TBasePassPSTLightMapPolicyLQ8B95D470BB4BF92A5C22A48B60B9DA18A2BE42522144224222222222222222222222224222222222222222222222222222222222222222222424444444440222222222222222222222244442222222222222222222222222222221240222224222222222222222222222222222222222222222222222222222222222202004044001400000014000000140000001400000014000000_TBasePassPSTLightMapPolicyHQ8B95D470BB4BF92A5C22A48B60B9DA18A2BE42522144224222222222222222222222224222222222222222222222222222222222222222222424444444440222222222222222222222244442222222222222222222222222222221240222224222222222222222222222222222222222222222222222222222222222202004044001400000014000000140000001400000014000000_TBasePassPSFNoLightMapPolicy8B95D470BB4BF92A5C22A48B60B9DA18A2BE42522144224222222222222222222222224222222222222222222222222222222222222222222424444444440222222222222222222222244442222222222222222222222222222221240222224222222222222222222222222222222222222222222222222222222222202004044001400000014000000140000001400000014000000_FEvaluateSurfelMaterialCS6258113C2EBBF117ED7778A8D1717F7C4F99C7B816742242222222222222222222222242222222222222222222222222222222222222222224244444444402222222222222222222222444422222222222222222222222222222222222222222222222222220000440414000000140000001400000014000000_FLandscapeGrassWeightVS13EE43FECCCB2FA4D36DD12857B86FDBF81C467215542242222222222222222222222242222222222222222222222222222222222222222224244444444402222222222222222222222444422222222222222222222222222222212402222220000440400001400000014000000140000001400000014000000_FLandscapeGrassWeightPS13EE43FECCCB2FA4D36DD12857B86FDBF81C467215542242222222222222222222222242222222222222222222222222222222222222222224244444444402222222222222222222222444422222222222222222222222222222212402222220000440400001400000014000000140000001400000014000000_FConvertToUniformMeshVSE7DF727A12438F2D529D6604B0B1C022849CCFEB152422422222222222222222222222422222222222222222222222222222222222222222242444444444022222222222222222222224444222222222222222222222222222222124022020040441400000014000000140000001400000014000000_FConvertToUniformMeshGSE7DF727A12438F2D529D6604B0B1C022849CCFEB152422422222222222222222222222422222222222222222222222222222222222222222242444444444022222222222222222222224444222222222222222222222222222222124022020040441400000014000000140000001400000014000000_FLandscapeXYOffsetVertexFactoryE26C36EDFA93C6ED3AFFB36899EB78836EF9C5EE202222222222222222222200000072222220200_FLandscapeVertexFactoryE26C36EDFA93C6ED3AFFB36899EB78836EF9C5EE202222222222222222222200000072222220200_FLocalVertexFactory5897CEF715AB93237703E35F9ABEBB43E8E477D34224200000000065500040404040404040404040434343444443434343404040404040404040404343434040404044040404040404040404040404343434444434343434040404040404040404043434340404016101010101000424244444444444444424141414341414141413131414141444341444044444444444444414141414141414141434143414141414141414141414131314444414241444444414101010004443414341414141444444434341434444444404444444444444444444444444444444444444444444444444444444444444444444444444404010101010101010101010101010101010101010101010101210443434343444144444444444444440101010101010101010101010101301434143424141414244414130331313141444444440044444434321214141414141414141414141402234141414141414141414744444444440404250000001000000010000000100000001000000010000000100000001000000010000000100000001000000010000000100000001000000010000000100000001000000010000000100000001000000010000000100000001000000010000000100000001000000025000000100000001000000010000000100000001000000010000000100000001000000010000000100000001000000010000000100000001000000010000000100000001000000010000000100000001000000010000000100000001000000010000000100000000800000008000000080000000800000008000000080000004900000010000000090000000800000010000000100000001000000026000000180000000900000009000000090000000900000009000000090000000900000009000000090000000900000009000000090000000900000009000000090000000900000009000000090000000800000008000000080000000800000008000000080000001C00000009000000090000000900000009000000090000000900000009000000080000000800000008000000080000000800000008000000080000000D0000000800000013000000100000000A00000010000000DA39A3EE5E6B4B0D3255BFEF95601890AFD807090000000000000000000000000000000000000000, ShaderCompilation=23214.958984, RunGuid=RunID1CB7278E4879CBA0F7AEA4965EA6246C
DDCTransactionId672DCF534CDB7428161AB6B11DA12423_5, PutCachedData=, CacheKey=MATSM_4F0644619F9C48FF91E0D494C95EB050_PCD3D_SM5_5__BC5N_DEV_SL_NoDBuf_EARLYZ3__7ED5EB21E21967C9B30E2236244E5E13CD5667EB, StartTime=2019.01.08-12.20.29, HierarchicalDDC=, DataSize=516332, Duration=6.294064, RunGuid=RunID1CB7278E4879CBA0F7AEA4965EA6246C
DDCTransactionId672DCF534CDB7428161AB6B11DA12423_6, PutCachedData=, CacheKey=PhysX_1D9C17C451EA4FB88CB7A27536A65DB0_PhysXPC_2DDFF2144E9E9C3D139324AE9CC1E15__352B90FCF2B1A125F84F4C6E8FD3FEC4809C30B2, StartTime=2019.01.08-12.21.38, HierarchicalDDC=, DataSize=840, Duration=4.843648, RunGuid=RunID1CB7278E4879CBA0F7AEA4965EA6246C
DDCTransactionId672DCF534CDB7428161AB6B11DA12423_7, PutCachedData=, CacheKey=PhysX_1D9C17C451EA4FB88CB7A27536A65DB0_PhysXPC_4D2850864154099E8C6747B8E4FF02C__6F3AECF8C63B3B8C46DEBB2A1E2A3783CA2BC930, StartTime=2019.01.08-12.23.08, HierarchicalDDC=, DataSize=840, Duration=5.307656, RunGuid=RunID1CB7278E4879CBA0F7AEA4965EA6246C
DDCTransactionId672DCF534CDB7428161AB6B11DA12423_8, PutCachedData=, CacheKey=PhysX_1D9C17C451EA4FB88CB7A27536A65DB0_PhysXPC_8C3AA14D42B5F776A2C2B9BE860DBA4__F6DD41E55DE4BC746F0DCF98C9C7C86BB110CC0D, StartTime=2019.01.08-12.24.35, HierarchicalDDC=, DataSize=840, Duration=5.237952, RunGuid=RunID1CB7278E4879CBA0F7AEA4965EA6246C
DDCTransactionId672DCF534CDB7428161AB6B11DA12423_9, PutCachedData=, CacheKey=PhysX_1D9C17C451EA4FB88CB7A27536A65DB0_PhysXPC_682F977C49432BDE1389DB9BC89F2C2__72DC9CE4FFD83313BDACB45785AB58DCA3FDE8DA, StartTime=2019.01.08-12.25.06, HierarchicalDDC=, DataSize=840, Duration=5.092226, RunGuid=RunID1CB7278E4879CBA0F7AEA4965EA6246C
DDCTransactionId672DCF534CDB7428161AB6B11DA12423_10, PutCachedData=, CacheKey=PhysX_1D9C17C451EA4FB88CB7A27536A65DB0_PhysXPC_9A4461234731299BBE6572AEF0CB7B4__6B14A25320F8C0CD5B5DE839880B889ADA5A6C63, StartTime=2019.01.08-12.25.07, HierarchicalDDC=, DataSize=840, Duration=6.992962, RunGuid=RunID1CB7278E4879CBA0F7AEA4965EA6246C
DDCTransactionId672DCF534CDB7428161AB6B11DA12423_11, PutCachedData=, CacheKey=PhysX_1D9C17C451EA4FB88CB7A27536A65DB0_PhysXPC_8E78DC1E4EF22A748DADEB8251EE5C7__5C4CC394C55A0317CBC0EC33C832EEA82CE650FF, StartTime=2019.01.08-12.25.07, HierarchicalDDC=, DataSize=840, Duration=7.280998, RunGuid=RunID1CB7278E4879CBA0F7AEA4965EA6246C
DDCTransactionId672DCF534CDB7428161AB6B11DA12423_12, PutCachedData=, CacheKey=PhysX_1D9C17C451EA4FB88CB7A27536A65DB0_PhysXPC_6BEA1D2447ACC89FEEC48682454AA61__B3841E4D731C5C1A08E1D63C813039E9CD6414B9, StartTime=2019.01.08-12.25.07, HierarchicalDDC=, DataSize=840, Duration=4.574034, RunGuid=RunID1CB7278E4879CBA0F7AEA4965EA6246C
DDCTransactionId672DCF534CDB7428161AB6B11DA12423_13, PutCachedData=, CacheKey=PhysX_1D9C17C451EA4FB88CB7A27536A65DB0_PhysXPC_CDFD27304C9C70AF35808799F5E99CD__3A10B130C70E98E39884D880420522ADBADB583A, StartTime=2019.01.08-12.25.07, HierarchicalDDC=, DataSize=840, Duration=5.269513, RunGuid=RunID1CB7278E4879CBA0F7AEA4965EA6246C
DDCTransactionId672DCF534CDB7428161AB6B11DA12423_14, PutCachedData=, CacheKey=PhysX_1D9C17C451EA4FB88CB7A27536A65DB0_PhysXPC_BAEF69EC4D094ADA6D1A33B4908757E__46DD0B4D4D634FE159EC25307DD1E40B43D6A2DC, StartTime=2019.01.08-12.25.07, HierarchicalDDC=, DataSize=840, Duration=5.350266, RunGuid=RunID1CB7278E4879CBA0F7AEA4965EA6246C
DDCTransactionId672DCF534CDB7428161AB6B11DA12423_15, PutCachedData=, CacheKey=PhysX_1D9C17C451EA4FB88CB7A27536A65DB0_PhysXPC_9B6736404ACF5D2796A4F1BBFD38295__EB1688AF3A8B44A7FCE4A94C45C10A591ABDA767, StartTime=2019.01.08-12.25.08, HierarchicalDDC=, DataSize=840, Duration=4.473023, RunGuid=RunID1CB7278E4879CBA0F7AEA4965EA6246C
DDCTransactionId672DCF534CDB7428161AB6B11DA12423_16, PutCachedData=, CacheKey=PhysX_1D9C17C451EA4FB88CB7A27536A65DB0_PhysXPC_2EA708DE4FF785E1BF065B8D33CABB4__03F47812D5AFA5AFEB3CFC8D37F7D80BA293A713, StartTime=2019.01.08-12.25.08, HierarchicalDDC=, DataSize=840, Duration=5.467322, RunGuid=RunID1CB7278E4879CBA0F7AEA4965EA6246C
DDCTransactionId672DCF534CDB7428161AB6B11DA12423_17, PutCachedData=, CacheKey=PhysX_1D9C17C451EA4FB88CB7A27536A65DB0_PhysXPC_4D4ECE714E2969C1D94D0DA3D66E6F6__EB646F5534E86EB58025595E267D44BF9F8F1586, StartTime=2019.01.08-12.25.08, HierarchicalDDC=, DataSize=840, Duration=4.914407, RunGuid=RunID1CB7278E4879CBA0F7AEA4965EA6246C
DDCTransactionId672DCF534CDB7428161AB6B11DA12423_18, PutCachedData=, CacheKey=PhysX_1D9C17C451EA4FB88CB7A27536A65DB0_PhysXPC_667D8E46412302E144CEDAB41DAF4C6__E174296F0C251C350786652916D33CE779FB0490, StartTime=2019.01.08-12.25.08, HierarchicalDDC=, DataSize=840, Duration=5.796652, RunGuid=RunID1CB7278E4879CBA0F7AEA4965EA6246C
DDCTransactionId672DCF534CDB7428161AB6B11DA12423_19, PutCachedData=, CacheKey=PhysX_1D9C17C451EA4FB88CB7A27536A65DB0_PhysXPC_4D177F6A450293BDBD55A4888DD6C60__48B74D56E421BBB8B48B83CCACD92E5337BAFBA3, StartTime=2019.01.08-12.25.08, HierarchicalDDC=, DataSize=840, Duration=5.644876, RunGuid=RunID1CB7278E4879CBA0F7AEA4965EA6246C
DDCTransactionId672DCF534CDB7428161AB6B11DA12423_20, PutCachedData=, CacheKey=PhysX_1D9C17C451EA4FB88CB7A27536A65DB0_PhysXPC_C38E73FB455D509FA9630593A94B83B__97A7800BCEF7ED952D6C8C6BE71379CDBEE66EC3, StartTime=2019.01.08-12.25.08, HierarchicalDDC=, DataSize=840, Duration=5.673282, RunGuid=RunID1CB7278E4879CBA0F7AEA4965EA6246C
DDCTransactionId672DCF534CDB7428161AB6B11DA12423_21, PutCachedData=, CacheKey=PhysX_1D9C17C451EA4FB88CB7A27536A65DB0_PhysXPC_AC71D0CC48B6775B31085D8FCDF6B1B__B8499B162B0037ECDC13ADDB78483E372AD0F468, StartTime=2019.01.08-12.25.09, HierarchicalDDC=, DataSize=840, Duration=5.219012, RunGuid=RunID1CB7278E4879CBA0F7AEA4965EA6246C
DDCTransactionId672DCF534CDB7428161AB6B11DA12423_22, PutCachedData=, CacheKey=PhysX_1D9C17C451EA4FB88CB7A27536A65DB0_PhysXPC_74C58FAD4E5CD15193352291D5128AE__65C48AF73F7320577D5E0F634D0DCE25BDB244A0, StartTime=2019.01.08-12.25.09, HierarchicalDDC=, DataSize=840, Duration=5.588058, RunGuid=RunID1CB7278E4879CBA0F7AEA4965EA6246C
DDCTransactionId672DCF534CDB7428161AB6B11DA12423_23, PutCachedData=, CacheKey=PhysX_1D9C17C451EA4FB88CB7A27536A65DB0_PhysXPC_6F2115F74BD13601238271B2A97E617__0BC96683216074083957206E914E162B4DD7438B, StartTime=2019.01.08-12.25.09, HierarchicalDDC=, DataSize=840, Duration=4.575085, RunGuid=RunID1CB7278E4879CBA0F7AEA4965EA6246C
DDCTransactionId672DCF534CDB7428161AB6B11DA12423_24, PutCachedData=, CacheKey=PhysX_1D9C17C451EA4FB88CB7A27536A65DB0_PhysXPC_60AB2AEA483F726111431DA29F01E38__12D77EC13C6C6DD2D4A030BC6461259F0905D32A, StartTime=2019.01.08-12.25.09, HierarchicalDDC=, DataSize=840, Duration=5.165089, RunGuid=RunID1CB7278E4879CBA0F7AEA4965EA6246C
DDCTransactionId672DCF534CDB7428161AB6B11DA12423_25, PutCachedData=, CacheKey=PhysX_1D9C17C451EA4FB88CB7A27536A65DB0_PhysXPC_3E687980473E2B79D526618A12656BE__D13CFAE23132901B9D0FA02515988738ED88CB99, StartTime=2019.01.08-12.25.09, HierarchicalDDC=, DataSize=840, Duration=5.648296, RunGuid=RunID1CB7278E4879CBA0F7AEA4965EA6246C
DDCTransactionId672DCF534CDB7428161AB6B11DA12423_26, PutCachedData=, CacheKey=PhysX_1D9C17C451EA4FB88CB7A27536A65DB0_PhysXPC_CF1FF38D40227C635329B4AE0DD2CD8__8113581070FDFCCB287396CAEF07B1D392476E5F, StartTime=2019.01.08-12.25.10, HierarchicalDDC=, DataSize=840, Duration=6.019183, RunGuid=RunID1CB7278E4879CBA0F7AEA4965EA6246C
DDCTransactionId672DCF534CDB7428161AB6B11DA12423_27, PutCachedData=, CacheKey=PhysX_1D9C17C451EA4FB88CB7A27536A65DB0_PhysXPC_DC6FEE1F46F00312958360BE63E3855__5129BC73616BF31E8509CCF39E1EA5E14B8099E0, StartTime=2019.01.08-12.25.10, HierarchicalDDC=, DataSize=840, Duration=4.661888, RunGuid=RunID1CB7278E4879CBA0F7AEA4965EA6246C
DDCTransactionId672DCF534CDB7428161AB6B11DA12423_28, PutCachedData=, CacheKey=PhysX_1D9C17C451EA4FB88CB7A27536A65DB0_PhysXPC_052F4B7D498283302ABCF182BC6D75B__0D753EE26F41518D0AC73ADEE03520DE4B78FD92, StartTime=2019.01.08-12.25.10, HierarchicalDDC=, DataSize=840, Duration=4.748691, RunGuid=RunID1CB7278E4879CBA0F7AEA4965EA6246C
DDCTransactionId672DCF534CDB7428161AB6B11DA12423_29, PutCachedData=, CacheKey=PhysX_1D9C17C451EA4FB88CB7A27536A65DB0_PhysXPC_A4B42EFD4A9A8E2C098895835E50083__36C4CBD93A43700548A6BF00CE557412322A23CD, StartTime=2019.01.08-12.25.10, HierarchicalDDC=, DataSize=840, Duration=5.314231, RunGuid=RunID1CB7278E4879CBA0F7AEA4965EA6246C
DDCTransactionId672DCF534CDB7428161AB6B11DA12423_30, PutCachedData=, CacheKey=PhysX_1D9C17C451EA4FB88CB7A27536A65DB0_PhysXPC_AAA9618343E779A37DA870A39555C6D__05AFDE59E46D47BC734253361AA06C47C608B344, StartTime=2019.01.08-12.25.10, HierarchicalDDC=, DataSize=840, Duration=5.233738, RunGuid=RunID1CB7278E4879CBA0F7AEA4965EA6246C
DDCTransactionId672DCF534CDB7428161AB6B11DA12423_31, PutCachedData=, CacheKey=PhysX_1D9C17C451EA4FB88CB7A27536A65DB0_PhysXPC_ABBAFC714E09F3B64EA0ABA7B12F204__CB2102A704F28ED82220081B3BA2E8947F62CA20, StartTime=2019.01.08-12.25.11, HierarchicalDDC=, DataSize=840, Duration=5.439442, RunGuid=RunID1CB7278E4879CBA0F7AEA4965EA6246C
DDCTransactionId672DCF534CDB7428161AB6B11DA12423_32, PutCachedData=, CacheKey=PhysX_1D9C17C451EA4FB88CB7A27536A65DB0_PhysXPC_0AE3854742A44E4CEC0CCE80B580BD0__D2D3BCD4AF56F26EB4A59068262798885183CFAA, StartTime=2019.01.08-12.25.11, HierarchicalDDC=, DataSize=840, Duration=5.205598, RunGuid=RunID1CB7278E4879CBA0F7AEA4965EA6246C
DDCTransactionId672DCF534CDB7428161AB6B11DA12423_33, PutCachedData=, CacheKey=PhysX_1D9C17C451EA4FB88CB7A27536A65DB0_PhysXPC_D7D763BD40E0D08468248287B61FB7F__EFA39B45C1F01FF160900B00DB19868B4B7BEA83, StartTime=2019.01.08-12.25.11, HierarchicalDDC=, DataSize=840, Duration=6.032076, RunGuid=RunID1CB7278E4879CBA0F7AEA4965EA6246C
DDCTransactionId672DCF534CDB7428161AB6B11DA12423_34, PutCachedData=, CacheKey=PhysX_1D9C17C451EA4FB88CB7A27536A65DB0_PhysXPC_954D42B34BCFE6616D1884A7A35B0C7__25E0881A5BF8322273FC93FCBB5B49D24ABD211F, StartTime=2019.01.08-12.25.11, HierarchicalDDC=, DataSize=840, Duration=5.330015, RunGuid=RunID1CB7278E4879CBA0F7AEA4965EA6246C
DDCTransactionId672DCF534CDB7428161AB6B11DA12423_35, PutCachedData=, CacheKey=PhysX_1D9C17C451EA4FB88CB7A27536A65DB0_PhysXPC_7114FDAD4615A6E196BD4DBB54BB29A__C8DBFB40470FF9589081C823D2C3F097DBEF3CCF, StartTime=2019.01.08-12.25.12, HierarchicalDDC=, DataSize=840, Duration=5.716160, RunGuid=RunID1CB7278E4879CBA0F7AEA4965EA6246C
DDCTransactionId672DCF534CDB7428161AB6B11DA12423_36, PutCachedData=, CacheKey=PhysX_1D9C17C451EA4FB88CB7A27536A65DB0_PhysXPC_544C87DC4251D7E679A97297E669864__459437937176955C3FF41C7720C17062199E81F5, StartTime=2019.01.08-12.25.12, HierarchicalDDC=, DataSize=840, Duration=6.262761, RunGuid=RunID1CB7278E4879CBA0F7AEA4965EA6246C
DDCTransactionId672DCF534CDB7428161AB6B11DA12423_37, PutCachedData=, CacheKey=PhysX_1D9C17C451EA4FB88CB7A27536A65DB0_PhysXPC_DF6F0FBC406A6AC069BC129826F7BCA__57CA7DDA6D775E28DDE602185D537FC8529F7597, StartTime=2019.01.08-12.25.12, HierarchicalDDC=, DataSize=840, Duration=5.164299, RunGuid=RunID1CB7278E4879CBA0F7AEA4965EA6246C
DDCTransactionId672DCF534CDB7428161AB6B11DA12423_38, PutCachedData=, CacheKey=PhysX_1D9C17C451EA4FB88CB7A27536A65DB0_PhysXPC_9D9F24EB460CDEEF7C218380FE764BE__F642EE43B5B4CCA8BB855EEE2B6EE1217A17ACC1, StartTime=2019.01.08-12.25.36, HierarchicalDDC=, DataSize=840, Duration=6.516069, RunGuid=RunID1CB7278E4879CBA0F7AEA4965EA6246C
DDCTransactionId672DCF534CDB7428161AB6B11DA12423_39, PutCachedData=, CacheKey=PhysX_1D9C17C451EA4FB88CB7A27536A65DB0_PhysXPC_921D8CBB498B166D14ABDCB216FEBC8__4C67D5FFAA1C82659AD478859BD2484DAD9E316B, StartTime=2019.01.08-12.25.37, HierarchicalDDC=, DataSize=840, Duration=4.812609, RunGuid=RunID1CB7278E4879CBA0F7AEA4965EA6246C
DDCTransactionId672DCF534CDB7428161AB6B11DA12423_40, PutCachedData=, CacheKey=PhysX_1D9C17C451EA4FB88CB7A27536A65DB0_PhysXPC_9DB120FC4D8503DEEE2442B91A5441B__A66040BB5F380E962E90594942DCBBBEBF4B08A5, StartTime=2019.01.08-12.25.49, HierarchicalDDC=, DataSize=840, Duration=5.610417, RunGuid=RunID1CB7278E4879CBA0F7AEA4965EA6246C
DDCTransactionId672DCF534CDB7428161AB6B11DA12423_41, PutCachedData=, CacheKey=PhysX_1D9C17C451EA4FB88CB7A27536A65DB0_PhysXPC_9B3E90A742B1E7A2BD54938621926DE__59F18311D111EBABE9FCA50972BFFF1D1F7F6B4C, StartTime=2019.01.08-12.25.51, HierarchicalDDC=, DataSize=840, Duration=6.866440, RunGuid=RunID1CB7278E4879CBA0F7AEA4965EA6246C
SavePackageTransactionIdAE8F171F4F8A7575DC94328145D1B759_0, Filename=../../../../../TowerOfDefence/TopDownMiniGame/Content/TopDownBP/Maps/Untitled.umap, AutoPackageBackupDelegate=90.579475, FlushAsyncLoading=0.014205, FlushStreamingFunc=0.066813, BlockTillAllRequestsFinished=0.005525, ResetLoadersForSaveUnMarkAllObjects=17.875000, TagPackageExports=1.365710, BeginCacheForCookedPlatformData=0.001844, SerializeImports=3.646545, GatherLocalizableTextData=51.768986, MarkNames=0.964575, SerializeSummary=0.061024, SerializeNames=0.944585, SerializeGatherableTextData=0.117578, BuildExportMap=0.469793, SortExportsNonSeekfree=0.353791, SortExportsSeekfreeConstructor=0.142831, SortExportsSeekfreeInner=19.693148, SortExportsSeekfree=0.010520, BuildDependencyMap=0.102326, SerializeImportMap=0.051029, SerializeExportMap=0.032619, SerializeDependencyMap=0.012100, SerializeStringAssetReferenceMap=0.003945, SaveThumbNailsAssetRegistryDataWorldLevelInfo=1.096357, SerializeExports=19.400120, SerializeBulkData=0.542391, MoveFile=1.746859, UnaccountedTime=1.536690, RunGuid=RunID1CB7278E4879CBA0F7AEA4965EA6246C
SavePackageTransactionIdAE8F171F4F8A7575DC94328145D1B759_1, Filename=../../../../../TowerOfDefence/TopDownMiniGame/Content/Graphics/Nature/cliffBrown_block.uasset, AutoPackageBackupDelegate=20.502523, FlushAsyncLoading=0.009734, FlushStreamingFunc=0.062078, BlockTillAllRequestsFinished=0.004999, ResetLoadersForSaveUnMarkAllObjects=0.315122, TagPackageExports=0.036038, BeginCacheForCookedPlatformData=0.001051, SerializeImports=12.261164, GatherLocalizableTextData=0.224903, MarkNames=0.007890, SerializeSummary=0.013154, SerializeNames=0.067074, SerializeGatherableTextData=0.001315, BuildExportMap=0.024725, SortExportsNonSeekfree=0.009734, SortExportsSeekfreeConstructor=0.065759, SortExportsSeekfreeInner=0.790179, SortExportsSeekfree=0.002895, BuildDependencyMap=0.008415, SerializeImportMap=0.011049, SerializeExportMap=0.009205, SerializeDependencyMap=0.001315, SerializeStringAssetReferenceMap=0.001840, SaveThumbNailsAssetRegistryDataWorldLevelInfo=13.210218, SerializeExports=0.681281, SerializeBulkData=0.026040, MoveFile=1.418848, UnaccountedTime=1.334410, RunGuid=RunID1CB7278E4879CBA0F7AEA4965EA6246C
SavePackageTransactionIdAE8F171F4F8A7575DC94328145D1B759_2, Filename=../../../../../TowerOfDefence/TopDownMiniGame/Content/Graphics/Nature/natureKit-leavesGreen.uasset, AutoPackageBackupDelegate=4.034273, FlushAsyncLoading=0.007365, FlushStreamingFunc=0.060763, BlockTillAllRequestsFinished=0.004735, ResetLoadersForSaveUnMarkAllObjects=0.294343, TagPackageExports=0.026830, BeginCacheForCookedPlatformData=0.001315, SerializeImports=0.682857, GatherLocalizableTextData=0.360105, MarkNames=0.006311, SerializeSummary=0.011574, SerializeNames=0.032619, SerializeGatherableTextData=0.005525, BuildExportMap=0.018939, SortExportsNonSeekfree=0.012886, SortExportsSeekfreeConstructor=0.011049, SortExportsSeekfreeInner=0.579745, SortExportsSeekfree=0.004999, BuildDependencyMap=0.007890, SerializeImportMap=0.010785, SerializeExportMap=0.010785, SerializeDependencyMap=0.001315, SerializeStringAssetReferenceMap=0.001840, SaveThumbNailsAssetRegistryDataWorldLevelInfo=9.966127, SerializeExports=0.350635, SerializeBulkData=0.004206, MoveFile=1.587983, UnaccountedTime=1.720294, RunGuid=RunID1CB7278E4879CBA0F7AEA4965EA6246C
